coinbase	BTC-USD	2026-07-18 10:00:00.000	105123.3576	105144.3576	65.0714	70.2813
kraken	BTC-USD	2026-07-18 10:00:00.000	105186.8244	105207.8244	84.6484	34.822
coinbase	ETH-USD	2026-07-18 10:00:00.000	3199.1605	3199.8005	86.7352	89.3856
kraken	ETH-USD	2026-07-18 10:00:00.000	3200.1777	3200.8177	55.0241	9.2448
coinbase	SOL-USD	2026-07-18 10:00:00.000	139.8251	139.8531	12.7131	33.2055
kraken	SOL-USD	2026-07-18 10:00:00.000	139.7149	139.7429	51.2649	1.059
coinbase	BTC-USD	2026-07-18 10:00:01.000	104930.5728	104951.5728	11.111	25.0735
kraken	BTC-USD	2026-07-18 10:00:01.000	105058.4324	105079.4324	27.184	1.5716
coinbase	ETH-USD	2026-07-18 10:00:01.000	3203.8474	3204.4874	54.3633	88.3766
kraken	ETH-USD	2026-07-18 10:00:01.000	3196.7175	3197.3575	32.6607	4.0535
coinbase	SOL-USD	2026-07-18 10:00:01.000	139.9903	140.0183	89.5817	1.1768
kraken	SOL-USD	2026-07-18 10:00:01.000	140.0294	140.0574	24.793	68.9993
coinbase	BTC-USD	2026-07-18 10:00:02.000	105168.1952	105189.1952	48.9514	87.7995
kraken	BTC-USD	2026-07-18 10:00:02.000	104941.4963	104962.4963	22.5515	42.8463
coinbase	ETH-USD	2026-07-18 10:00:02.000	3201.7101	3202.3501	80.4328	68.0218
kraken	ETH-USD	2026-07-18 10:00:02.000	3194.1996	3194.8396	79.7533	14.1196
coinbase	SOL-USD	2026-07-18 10:00:02.000	139.7704	139.7984	22.0224	18.2469
kraken	SOL-USD	2026-07-18 10:00:02.000	139.8142	139.8422	20.8503	53.9947
coinbase	BTC-USD	2026-07-18 10:00:03.000	105140.8275	105161.8275	53.0156	66.0819
kraken	BTC-USD	2026-07-18 10:00:03.000	105108.0648	105129.0648	99.0206	28.1549
coinbase	ETH-USD	2026-07-18 10:00:03.000	3205.3382	3205.9782	20.3585	20.0868
kraken	ETH-USD	2026-07-18 10:00:03.000	3203.4673	3204.1073	8.8172	90.2217
coinbase	SOL-USD	2026-07-18 10:00:03.000	140.2117	140.2397	70.5108	69.9651
kraken	SOL-USD	2026-07-18 10:00:03.000	139.9746	140.0026	8.0034	35.2362
coinbase	BTC-USD	2026-07-18 10:00:04.000	105099.0055	105120.0055	59.1816	31.2788
kraken	BTC-USD	2026-07-18 10:00:04.000	104851.8233	104872.8233	21.8554	53.8829
coinbase	ETH-USD	2026-07-18 10:00:04.000	3202.2404	3202.8804	94.4848	78.2827
kraken	ETH-USD	2026-07-18 10:00:04.000	3202.3182	3202.9582	63.6489	99.8023
coinbase	SOL-USD	2026-07-18 10:00:04.000	140.0473	140.0753	78.3841	40.8065
kraken	SOL-USD	2026-07-18 10:00:04.000	139.7840	139.8120	37.3507	79.443
coinbase	BTC-USD	2026-07-18 10:00:05.000	104992.9041	105013.9041	50.0604	21.5953
kraken	BTC-USD	2026-07-18 10:00:05.000	104931.7269	104952.7269	75.1897	42.3009
coinbase	ETH-USD	2026-07-18 10:00:05.000	3195.5282	3196.1682	95.9219	93.3748
kraken	ETH-USD	2026-07-18 10:00:05.000	3204.2955	3204.9355	49.4382	98.6854
coinbase	SOL-USD	2026-07-18 10:00:05.000	139.7459	139.7739	65.8379	4.1796
kraken	SOL-USD	2026-07-18 10:00:05.000	139.8989	139.9269	56.4267	48.8142
coinbase	BTC-USD	2026-07-18 10:00:06.000	104962.8007	104983.8007	93.8004	88.4541
kraken	BTC-USD	2026-07-18 10:00:06.000	105153.5606	105174.5606	78.2274	20.9535
coinbase	ETH-USD	2026-07-18 10:00:06.000	3201.7439	3202.3839	37.6262	88.9946
kraken	ETH-USD	2026-07-18 10:00:06.000	3197.6883	3198.3283	60.08	82.8676
coinbase	SOL-USD	2026-07-18 10:00:06.000	139.8902	139.9182	13.0088	36.329
kraken	SOL-USD	2026-07-18 10:00:06.000	139.8574	139.8854	35.7541	97.6973
coinbase	BTC-USD	2026-07-18 10:00:07.000	105140.4886	105161.4886	58.8712	84.1471
kraken	BTC-USD	2026-07-18 10:00:07.000	104991.7888	105012.7888	93.1935	26.0716
coinbase	ETH-USD	2026-07-18 10:00:07.000	3204.8112	3205.4512	56.8445	11.9823
kraken	ETH-USD	2026-07-18 10:00:07.000	3199.3369	3199.9769	32.1224	22.9216
coinbase	SOL-USD	2026-07-18 10:00:07.000	140.1467	140.1747	17.6624	62.9048
kraken	SOL-USD	2026-07-18 10:00:07.000	140.0160	140.0440	55.2493	19.5244
coinbase	BTC-USD	2026-07-18 10:00:08.000	105074.0365	105095.0365	47.8505	56.2477
kraken	BTC-USD	2026-07-18 10:00:08.000	105169.4072	105190.4072	99.3703	61.3623
coinbase	ETH-USD	2026-07-18 10:00:08.000	3199.7100	3200.3500	97.7983	4.2785
kraken	ETH-USD	2026-07-18 10:00:08.000	3195.3844	3196.0244	70.7791	32.1205
coinbase	SOL-USD	2026-07-18 10:00:08.000	139.9847	140.0127	62.6678	40.9229
kraken	SOL-USD	2026-07-18 10:00:08.000	140.0370	140.0650	32.4644	16.8179
coinbase	BTC-USD	2026-07-18 10:00:09.000	105047.4745	105068.4745	17.1419	17.7108
kraken	BTC-USD	2026-07-18 10:00:09.000	105136.4460	105157.4460	77.7684	10.888
coinbase	ETH-USD	2026-07-18 10:00:09.000	3202.7060	3203.3460	82.4835	82.7282
kraken	ETH-USD	2026-07-18 10:00:09.000	3201.2551	3201.8951	54.2601	61.3599
coinbase	SOL-USD	2026-07-18 10:00:09.000	139.8854	139.9134	58.4326	79.179
kraken	SOL-USD	2026-07-18 10:00:09.000	139.9549	139.9829	11.7416	84.0539
coinbase	BTC-USD	2026-07-18 10:00:10.000	104902.3357	104923.3357	44.7499	66.1805
kraken	BTC-USD	2026-07-18 10:00:10.000	105117.0134	105138.0134	64.3477	39.2222
coinbase	ETH-USD	2026-07-18 10:00:10.000	3194.6407	3195.2807	96.797	50.2517
kraken	ETH-USD	2026-07-18 10:00:10.000	3198.9343	3199.5743	76.4704	74.382
coinbase	SOL-USD	2026-07-18 10:00:10.000	140.1005	140.1285	97.9938	83.3946
kraken	SOL-USD	2026-07-18 10:00:10.000	140.0576	140.0856	13.69	83.1778
coinbase	BTC-USD	2026-07-18 10:00:11.000	104996.1012	105017.1012	58.9103	56.1351
kraken	BTC-USD	2026-07-18 10:00:11.000	104872.8102	104893.8102	56.115	47.5132
coinbase	ETH-USD	2026-07-18 10:00:11.000	3204.7632	3205.4032	94.1686	98.3178
kraken	ETH-USD	2026-07-18 10:00:11.000	3200.0555	3200.6955	29.8357	10.3482
coinbase	SOL-USD	2026-07-18 10:00:11.000	139.7179	139.7459	28.3734	4.9139
kraken	SOL-USD	2026-07-18 10:00:11.000	140.1078	140.1358	48.3243	82.1622
coinbase	BTC-USD	2026-07-18 10:00:12.000	105129.6712	105150.6712	47.7945	48.7011
kraken	BTC-USD	2026-07-18 10:00:12.000	105002.1711	105023.1711	65.8548	48.1191
coinbase	ETH-USD	2026-07-18 10:00:12.000	3205.5663	3206.2063	28.2816	4.772
kraken	ETH-USD	2026-07-18 10:00:12.000	3205.7210	3206.3610	9.6776	19.6161
coinbase	SOL-USD	2026-07-18 10:00:12.000	139.8594	139.8874	84.2568	32.3012
kraken	SOL-USD	2026-07-18 10:00:12.000	140.0733	140.1013	84.7835	54.7869
coinbase	BTC-USD	2026-07-18 10:00:13.000	104875.2908	104896.2908	51.8248	3.267
kraken	BTC-USD	2026-07-18 10:00:13.000	104933.2816	104954.2816	18.8373	40.8151
coinbase	ETH-USD	2026-07-18 10:00:13.000	3194.0494	3194.6894	67.339	69.2408
kraken	ETH-USD	2026-07-18 10:00:13.000	3203.6063	3204.2463	59.9946	13.21
coinbase	SOL-USD	2026-07-18 10:00:13.000	139.7875	139.8155	98.4406	69.8848
kraken	SOL-USD	2026-07-18 10:00:13.000	140.0770	140.1050	49.2527	33.05
coinbase	BTC-USD	2026-07-18 10:00:14.000	105136.5458	105157.5458	94.0309	25.7218
kraken	BTC-USD	2026-07-18 10:00:14.000	104923.8991	104944.8991	32.5167	98.5233
coinbase	ETH-USD	2026-07-18 10:00:14.000	3200.6521	3201.2921	74.502	34.0193
kraken	ETH-USD	2026-07-18 10:00:14.000	3197.4616	3198.1016	74.743	81.7167
coinbase	SOL-USD	2026-07-18 10:00:14.000	139.7861	139.8141	87.6687	65.521
kraken	SOL-USD	2026-07-18 10:00:14.000	139.8762	139.9042	20.3497	94.732
coinbase	BTC-USD	2026-07-18 10:00:15.000	104998.6541	105019.6541	44.4803	31.274
kraken	BTC-USD	2026-07-18 10:00:15.000	105056.8323	105077.8323	1.8825	91.2253
coinbase	ETH-USD	2026-07-18 10:00:15.000	3201.1676	3201.8076	1.0609	7.1052
kraken	ETH-USD	2026-07-18 10:00:15.000	3200.9597	3201.5997	24.8163	33.8123
coinbase	SOL-USD	2026-07-18 10:00:15.000	140.1952	140.2232	78.8729	52.0271
kraken	SOL-USD	2026-07-18 10:00:15.000	140.1970	140.2250	58.5907	28.7442
coinbase	BTC-USD	2026-07-18 10:00:16.000	105189.4379	105210.4379	6.8721	7.8282
kraken	BTC-USD	2026-07-18 10:00:16.000	105155.8591	105176.8591	55.5364	87.7486
coinbase	ETH-USD	2026-07-18 10:00:16.000	3203.4356	3204.0756	73.5291	95.6495
kraken	ETH-USD	2026-07-18 10:00:16.000	3197.6907	3198.3307	62.9512	90.7069
coinbase	SOL-USD	2026-07-18 10:00:16.000	139.8437	139.8717	1.6031	55.0203
kraken	SOL-USD	2026-07-18 10:00:16.000	139.9456	139.9736	40.3519	39.0836
coinbase	BTC-USD	2026-07-18 10:00:17.000	105063.4310	105084.4310	53.1395	44.7446
kraken	BTC-USD	2026-07-18 10:00:17.000	105064.6082	105085.6082	36.5387	49.5438
coinbase	ETH-USD	2026-07-18 10:00:17.000	3197.5639	3198.2039	53.2377	90.7003
kraken	ETH-USD	2026-07-18 10:00:17.000	3194.5747	3195.2147	62.8157	18.7798
coinbase	SOL-USD	2026-07-18 10:00:17.000	140.2231	140.2511	82.2927	41.1028
kraken	SOL-USD	2026-07-18 10:00:17.000	140.2397	140.2677	6.6942	61.3465
coinbase	BTC-USD	2026-07-18 10:00:18.000	104928.2060	104949.2060	79.2541	99.4923
kraken	BTC-USD	2026-07-18 10:00:18.000	104901.6152	104922.6152	61.9659	65.6117
coinbase	ETH-USD	2026-07-18 10:00:18.000	3197.2830	3197.9230	30.5449	11.019
kraken	ETH-USD	2026-07-18 10:00:18.000	3205.3886	3206.0286	49.9145	70.4425
coinbase	SOL-USD	2026-07-18 10:00:18.000	140.1464	140.1744	27.5186	20.2577
kraken	SOL-USD	2026-07-18 10:00:18.000	139.9149	139.9429	61.3762	53.3488
coinbase	BTC-USD	2026-07-18 10:00:19.000	104828.0094	104849.0094	98.3076	98.9306
kraken	BTC-USD	2026-07-18 10:00:19.000	105135.7361	105156.7361	17.8567	42.5049
coinbase	ETH-USD	2026-07-18 10:00:19.000	3203.5988	3204.2388	98.8437	62.0367
kraken	ETH-USD	2026-07-18 10:00:19.000	3195.5586	3196.1986	90.5255	30.2955
coinbase	SOL-USD	2026-07-18 10:00:19.000	140.1625	140.1905	66.3877	35.1149
kraken	SOL-USD	2026-07-18 10:00:19.000	140.0460	140.0740	38.2091	60.5035
coinbase	BTC-USD	2026-07-18 10:00:20.000	105108.3052	105129.3052	72.1016	58.6041
kraken	BTC-USD	2026-07-18 10:00:20.000	105081.6550	105102.6550	80.5503	38.385
coinbase	ETH-USD	2026-07-18 10:00:20.000	3195.9062	3196.5462	69.4227	21.6421
kraken	ETH-USD	2026-07-18 10:00:20.000	3201.7050	3202.3450	73.938	34.3918
coinbase	SOL-USD	2026-07-18 10:00:20.000	139.8337	139.8617	75.082	97.5394
kraken	SOL-USD	2026-07-18 10:00:20.000	140.1281	140.1561	87.3157	48.1976
coinbase	BTC-USD	2026-07-18 10:00:21.000	104884.3397	104905.3397	11.8498	15.8345
kraken	BTC-USD	2026-07-18 10:00:21.000	104893.4708	104914.4708	78.4287	13.7439
coinbase	ETH-USD	2026-07-18 10:00:21.000	3206.0624	3206.7024	5.1491	57.3969
kraken	ETH-USD	2026-07-18 10:00:21.000	3200.6442	3201.2842	50.6607	17.4322
coinbase	SOL-USD	2026-07-18 10:00:21.000	139.9662	139.9942	84.9619	26.4307
kraken	SOL-USD	2026-07-18 10:00:21.000	139.9125	139.9405	31.2675	39.6362
coinbase	BTC-USD	2026-07-18 10:00:22.000	105036.6404	105057.6404	52.7016	95.7967
kraken	BTC-USD	2026-07-18 10:00:22.000	104976.5426	104997.5426	31.1268	2.8007
coinbase	ETH-USD	2026-07-18 10:00:22.000	3197.0381	3197.6781	83.3753	99.5737
kraken	ETH-USD	2026-07-18 10:00:22.000	3200.6089	3201.2489	48.7634	39.2353
coinbase	SOL-USD	2026-07-18 10:00:22.000	139.8918	139.9198	35.656	81.0967
kraken	SOL-USD	2026-07-18 10:00:22.000	139.8992	139.9272	58.0611	15.1292
coinbase	BTC-USD	2026-07-18 10:00:23.000	105149.1728	105170.1728	31.4081	46.2887
kraken	BTC-USD	2026-07-18 10:00:23.000	104885.0699	104906.0699	17.2773	93.9781
coinbase	ETH-USD	2026-07-18 10:00:23.000	3202.2877	3202.9277	92.8358	5.0219
kraken	ETH-USD	2026-07-18 10:00:23.000	3200.3526	3200.9926	60.3643	96.45
coinbase	SOL-USD	2026-07-18 10:00:23.000	140.1072	140.1352	63.7123	27.5552
kraken	SOL-USD	2026-07-18 10:00:23.000	140.2076	140.2356	59.5392	1.097
coinbase	BTC-USD	2026-07-18 10:00:24.000	105048.0719	105069.0719	86.171	10.7837
kraken	BTC-USD	2026-07-18 10:00:24.000	104860.1728	104881.1728	54.8467	5.1442
coinbase	ETH-USD	2026-07-18 10:00:24.000	3198.2406	3198.8806	58.2312	25.34
kraken	ETH-USD	2026-07-18 10:00:24.000	3204.1711	3204.8111	10.8143	80.3708
coinbase	SOL-USD	2026-07-18 10:00:24.000	139.8233	139.8513	83.5821	65.8964
kraken	SOL-USD	2026-07-18 10:00:24.000	140.1238	140.1518	52.4362	82.3121
coinbase	BTC-USD	2026-07-18 10:00:25.000	104847.5487	104868.5487	75.6291	2.9224
kraken	BTC-USD	2026-07-18 10:00:25.000	104884.9134	104905.9134	9.441	45.7557
coinbase	ETH-USD	2026-07-18 10:00:25.000	3196.8160	3197.4560	88.3664	5.0234
kraken	ETH-USD	2026-07-18 10:00:25.000	3203.0353	3203.6753	87.8289	62.3495
coinbase	SOL-USD	2026-07-18 10:00:25.000	139.8164	139.8444	1.1711	9.5248
kraken	SOL-USD	2026-07-18 10:00:25.000	140.1692	140.1972	64.6137	90.6791
coinbase	BTC-USD	2026-07-18 10:00:26.000	105072.1178	105093.1178	11.7034	64.5872
kraken	BTC-USD	2026-07-18 10:00:26.000	104912.1005	104933.1005	63.0075	18.7664
coinbase	ETH-USD	2026-07-18 10:00:26.000	3203.4760	3204.1160	70.7614	52.9692
kraken	ETH-USD	2026-07-18 10:00:26.000	3200.9954	3201.6354	43.7711	51.8162
coinbase	SOL-USD	2026-07-18 10:00:26.000	139.9911	140.0191	34.1244	27.852
kraken	SOL-USD	2026-07-18 10:00:26.000	139.9198	139.9478	11.8281	1.0162
coinbase	BTC-USD	2026-07-18 10:00:27.000	105096.3171	105117.3171	87.4997	35.1188
kraken	BTC-USD	2026-07-18 10:00:27.000	104903.1575	104924.1575	74.2734	88.7112
coinbase	ETH-USD	2026-07-18 10:00:27.000	3193.8810	3194.5210	19.0755	10.784
kraken	ETH-USD	2026-07-18 10:00:27.000	3197.8737	3198.5137	83.3588	4.4407
coinbase	SOL-USD	2026-07-18 10:00:27.000	139.8917	139.9197	94.0911	57.6715
kraken	SOL-USD	2026-07-18 10:00:27.000	139.8835	139.9115	86.8811	75.6682
coinbase	BTC-USD	2026-07-18 10:00:28.000	104802.4777	104823.4777	88.443	91.8791
kraken	BTC-USD	2026-07-18 10:00:28.000	104989.4391	105010.4391	63.1882	40.9883
coinbase	ETH-USD	2026-07-18 10:00:28.000	3197.6627	3198.3027	63.4636	77.411
kraken	ETH-USD	2026-07-18 10:00:28.000	3199.0190	3199.6590	54.764	14.5173
coinbase	SOL-USD	2026-07-18 10:00:28.000	139.8976	139.9256	44.9693	89.3229
kraken	SOL-USD	2026-07-18 10:00:28.000	140.0482	140.0762	36.2931	80.6629
coinbase	BTC-USD	2026-07-18 10:00:29.000	104880.0485	104901.0485	58.5097	94.4945
kraken	BTC-USD	2026-07-18 10:00:29.000	104784.9412	104805.9412	58.2239	77.528
coinbase	ETH-USD	2026-07-18 10:00:29.000	3200.2407	3200.8807	25.3857	86.9557
kraken	ETH-USD	2026-07-18 10:00:29.000	3201.0549	3201.6949	42.2548	44.6636
coinbase	SOL-USD	2026-07-18 10:00:29.000	140.2012	140.2292	67.7612	98.9875
kraken	SOL-USD	2026-07-18 10:00:29.000	140.0819	140.1099	11.6662	49.8261
coinbase	BTC-USD	2026-07-18 10:00:30.000	105046.7548	105067.7548	2.5597	16.4151
kraken	BTC-USD	2026-07-18 10:00:30.000	105050.4611	105071.4611	6.1686	71.1698
coinbase	ETH-USD	2026-07-18 10:00:30.000	3194.9986	3195.6386	43.9627	79.8932
kraken	ETH-USD	2026-07-18 10:00:30.000	3201.4405	3202.0805	21.2497	56.4308
coinbase	SOL-USD	2026-07-18 10:00:30.000	140.1067	140.1347	21.6567	7.6542
kraken	SOL-USD	2026-07-18 10:00:30.000	139.7923	139.8203	78.2135	20.7171
coinbase	BTC-USD	2026-07-18 10:00:31.000	105107.2138	105128.2138	95.6449	70.9508
kraken	BTC-USD	2026-07-18 10:00:31.000	105118.3471	105139.3471	78.6977	73.5024
coinbase	ETH-USD	2026-07-18 10:00:31.000	3202.1675	3202.8075	1.9186	46.7287
kraken	ETH-USD	2026-07-18 10:00:31.000	3198.4048	3199.0448	78.4502	76.9779
coinbase	SOL-USD	2026-07-18 10:00:31.000	139.9520	139.9800	73.2673	18.2928
kraken	SOL-USD	2026-07-18 10:00:31.000	140.1884	140.2164	8.3444	46.9751
coinbase	BTC-USD	2026-07-18 10:00:32.000	104915.6920	104936.6920	83.8968	39.2565
kraken	BTC-USD	2026-07-18 10:00:32.000	104828.8920	104849.8920	69.0339	19.0139
coinbase	ETH-USD	2026-07-18 10:00:32.000	3204.9335	3205.5735	73.0163	74.2449
kraken	ETH-USD	2026-07-18 10:00:32.000	3197.2688	3197.9088	95.4352	41.8674
coinbase	SOL-USD	2026-07-18 10:00:32.000	139.8556	139.8836	65.7105	82.6195
kraken	SOL-USD	2026-07-18 10:00:32.000	140.2309	140.2589	42.1599	74.1751
coinbase	BTC-USD	2026-07-18 10:00:33.000	104816.4137	104837.4137	92.7752	1.9114
kraken	BTC-USD	2026-07-18 10:00:33.000	105006.9303	105027.9303	30.3714	39.6232
coinbase	ETH-USD	2026-07-18 10:00:33.000	3198.9329	3199.5729	50.1078	81.0179
kraken	ETH-USD	2026-07-18 10:00:33.000	3199.3813	3200.0213	51.0282	3.6738
coinbase	SOL-USD	2026-07-18 10:00:33.000	139.9091	139.9371	82.2264	31.4773
kraken	SOL-USD	2026-07-18 10:00:33.000	140.1980	140.2260	43.6555	28.5012
coinbase	BTC-USD	2026-07-18 10:00:34.000	104832.7095	104853.7095	24.9621	61.5979
kraken	BTC-USD	2026-07-18 10:00:34.000	104865.3792	104886.3792	97.4291	86.8144
coinbase	ETH-USD	2026-07-18 10:00:34.000	3199.6160	3200.2560	95.3969	6.417
kraken	ETH-USD	2026-07-18 10:00:34.000	3201.7043	3202.3443	47.6973	5.3927
coinbase	SOL-USD	2026-07-18 10:00:34.000	140.0966	140.1246	62.1092	69.0316
kraken	SOL-USD	2026-07-18 10:00:34.000	139.8338	139.8618	8.6414	24.9071
coinbase	BTC-USD	2026-07-18 10:00:35.000	104957.6169	104978.6169	66.2895	72.695
kraken	BTC-USD	2026-07-18 10:00:35.000	104907.2827	104928.2827	82.735	63.9259
coinbase	ETH-USD	2026-07-18 10:00:35.000	3196.0194	3196.6594	97.4652	90.996
kraken	ETH-USD	2026-07-18 10:00:35.000	3203.4776	3204.1176	57.5596	30.0605
coinbase	SOL-USD	2026-07-18 10:00:35.000	139.7885	139.8165	26.2518	55.1676
kraken	SOL-USD	2026-07-18 10:00:35.000	139.9394	139.9674	25.2909	68.0865
coinbase	BTC-USD	2026-07-18 10:00:36.000	104992.8048	105013.8048	14.4556	28.2243
kraken	BTC-USD	2026-07-18 10:00:36.000	104930.7190	104951.7190	27.1481	94.2692
coinbase	ETH-USD	2026-07-18 10:00:36.000	3196.0826	3196.7226	81.2765	2.8045
kraken	ETH-USD	2026-07-18 10:00:36.000	3201.0044	3201.6444	8.4413	27.6512
coinbase	SOL-USD	2026-07-18 10:00:36.000	140.2598	140.2878	4.0073	38.5045
kraken	SOL-USD	2026-07-18 10:00:36.000	139.9525	139.9805	38.0932	71.158
coinbase	BTC-USD	2026-07-18 10:00:37.000	105104.6536	105125.6536	72.7906	26.7841
kraken	BTC-USD	2026-07-18 10:00:37.000	105006.3258	105027.3258	84.8254	34.5797
coinbase	ETH-USD	2026-07-18 10:00:37.000	3196.9988	3197.6388	73.6323	1.3278
kraken	ETH-USD	2026-07-18 10:00:37.000	3202.4665	3203.1065	38.1822	81.6908
coinbase	SOL-USD	2026-07-18 10:00:37.000	140.2017	140.2297	50.3465	48.501
kraken	SOL-USD	2026-07-18 10:00:37.000	139.9110	139.9390	79.7649	16.6403
coinbase	BTC-USD	2026-07-18 10:00:38.000	104945.3529	104966.3529	25.2605	11.4967
kraken	BTC-USD	2026-07-18 10:00:38.000	105099.0459	105120.0459	88.4177	78.5771
coinbase	ETH-USD	2026-07-18 10:00:38.000	3195.8502	3196.4902	28.2456	60.1079
kraken	ETH-USD	2026-07-18 10:00:38.000	3196.5849	3197.2249	30.9524	52.4106
coinbase	SOL-USD	2026-07-18 10:00:38.000	140.1548	140.1828	60.2991	96.6786
kraken	SOL-USD	2026-07-18 10:00:38.000	139.8934	139.9214	79.0999	57.3338
coinbase	BTC-USD	2026-07-18 10:00:39.000	104863.7251	104884.7251	12.5427	50.288
kraken	BTC-USD	2026-07-18 10:00:39.000	104864.5901	104885.5901	40.0393	5.255
coinbase	ETH-USD	2026-07-18 10:00:39.000	3198.8424	3199.4824	38.6418	46.9061
kraken	ETH-USD	2026-07-18 10:00:39.000	3203.6673	3204.3073	64.7215	33.3767
coinbase	SOL-USD	2026-07-18 10:00:39.000	139.7181	139.7461	15.0938	50.9561
kraken	SOL-USD	2026-07-18 10:00:39.000	140.1995	140.2275	46.4753	42.616
coinbase	BTC-USD	2026-07-18 10:00:40.000	104992.1554	105013.1554	13.9258	80.2682
kraken	BTC-USD	2026-07-18 10:00:40.000	104985.5783	105006.5783	8.2725	91.3816
coinbase	ETH-USD	2026-07-18 10:00:40.000	3194.1563	3194.7963	3.8248	1.2546
kraken	ETH-USD	2026-07-18 10:00:40.000	3200.2589	3200.8989	33.1492	7.4818
coinbase	SOL-USD	2026-07-18 10:00:40.000	139.7314	139.7594	47.5503	7.9975
kraken	SOL-USD	2026-07-18 10:00:40.000	139.8179	139.8459	74.4881	31.608
coinbase	BTC-USD	2026-07-18 10:00:41.000	104791.8394	104812.8394	95.8532	93.4125
kraken	BTC-USD	2026-07-18 10:00:41.000	105047.3262	105068.3262	76.2571	92.6623
coinbase	ETH-USD	2026-07-18 10:00:41.000	3197.6804	3198.3204	62.9784	97.6038
kraken	ETH-USD	2026-07-18 10:00:41.000	3194.0690	3194.7090	86.2836	45.7589
coinbase	SOL-USD	2026-07-18 10:00:41.000	140.2196	140.2476	38.2865	5.2755
kraken	SOL-USD	2026-07-18 10:00:41.000	139.9948	140.0228	93.0769	55.5332
coinbase	BTC-USD	2026-07-18 10:00:42.000	104880.8128	104901.8128	68.2463	55.8384
kraken	BTC-USD	2026-07-18 10:00:42.000	105011.9106	105032.9106	24.6564	22.826
coinbase	ETH-USD	2026-07-18 10:00:42.000	3193.4197	3194.0597	96.933	75.3674
kraken	ETH-USD	2026-07-18 10:00:42.000	3204.8121	3205.4521	45.8286	24.4164
coinbase	SOL-USD	2026-07-18 10:00:42.000	139.9708	139.9988	97.4882	87.241
kraken	SOL-USD	2026-07-18 10:00:42.000	140.1145	140.1425	68.1972	43.5411
coinbase	BTC-USD	2026-07-18 10:00:43.000	105020.0117	105041.0117	76.2149	24.7598
kraken	BTC-USD	2026-07-18 10:00:43.000	104807.6272	104828.6272	73.6893	48.8667
coinbase	ETH-USD	2026-07-18 10:00:43.000	3201.7475	3202.3875	29.5585	71.1365
kraken	ETH-USD	2026-07-18 10:00:43.000	3204.3404	3204.9804	60.7755	1.5357
coinbase	SOL-USD	2026-07-18 10:00:43.000	140.1625	140.1905	23.2517	47.2386
kraken	SOL-USD	2026-07-18 10:00:43.000	139.7560	139.7840	40.273	89.4262
coinbase	BTC-USD	2026-07-18 10:00:44.000	104988.1677	105009.1677	71.7104	45.6569
kraken	BTC-USD	2026-07-18 10:00:44.000	104987.5089	105008.5089	28.211	68.0062
coinbase	ETH-USD	2026-07-18 10:00:44.000	3195.8697	3196.5097	90.5008	84.2957
kraken	ETH-USD	2026-07-18 10:00:44.000	3196.5233	3197.1633	51.7765	95.4561
coinbase	SOL-USD	2026-07-18 10:00:44.000	140.1841	140.2121	11.4479	41.3908
kraken	SOL-USD	2026-07-18 10:00:44.000	139.9172	139.9452	88.0599	96.2006
coinbase	BTC-USD	2026-07-18 10:00:45.000	105103.6627	105124.6627	64.6176	27.2586
kraken	BTC-USD	2026-07-18 10:00:45.000	104890.6485	104911.6485	45.1429	41.4613
coinbase	ETH-USD	2026-07-18 10:00:45.000	3202.3140	3202.9540	42.3716	88.7241
kraken	ETH-USD	2026-07-18 10:00:45.000	3194.5902	3195.2302	15.7554	76.6429
coinbase	SOL-USD	2026-07-18 10:00:45.000	140.1993	140.2273	53.5366	56.0145
kraken	SOL-USD	2026-07-18 10:00:45.000	140.0311	140.0591	81.2309	84.3644
coinbase	BTC-USD	2026-07-18 10:00:46.000	104912.9802	104933.9802	40.5984	72.8348
kraken	BTC-USD	2026-07-18 10:00:46.000	105070.0078	105091.0078	53.0658	30.7261
coinbase	ETH-USD	2026-07-18 10:00:46.000	3202.2062	3202.8462	77.6063	68.254
kraken	ETH-USD	2026-07-18 10:00:46.000	3205.0039	3205.6439	3.9776	25.5525
coinbase	SOL-USD	2026-07-18 10:00:46.000	139.8191	139.8471	21.4775	5.1718
kraken	SOL-USD	2026-07-18 10:00:46.000	140.0680	140.0960	59.12	19.3874
coinbase	BTC-USD	2026-07-18 10:00:47.000	105010.4788	105031.4788	28.6328	79.9874
kraken	BTC-USD	2026-07-18 10:00:47.000	105070.8505	105091.8505	49.8363	69.1679
coinbase	ETH-USD	2026-07-18 10:00:47.000	3204.5715	3205.2115	60.5572	36.5598
kraken	ETH-USD	2026-07-18 10:00:47.000	3195.5344	3196.1744	48.3628	1.7599
coinbase	SOL-USD	2026-07-18 10:00:47.000	139.8550	139.8830	53.0904	55.1421
kraken	SOL-USD	2026-07-18 10:00:47.000	139.8049	139.8329	39.8742	47.9722
coinbase	BTC-USD	2026-07-18 10:00:48.000	105136.1432	105157.1432	21.105	37.3873
kraken	BTC-USD	2026-07-18 10:00:48.000	105165.6078	105186.6078	36.8887	55.0825
coinbase	ETH-USD	2026-07-18 10:00:48.000	3199.9470	3200.5870	91.5123	94.7072
kraken	ETH-USD	2026-07-18 10:00:48.000	3196.9127	3197.5527	60.7751	74.122
coinbase	SOL-USD	2026-07-18 10:00:48.000	139.7323	139.7603	75.4804	39.567
kraken	SOL-USD	2026-07-18 10:00:48.000	140.0699	140.0979	39.9573	19.9765
coinbase	BTC-USD	2026-07-18 10:00:49.000	105054.8341	105075.8341	6.6888	57.5151
kraken	BTC-USD	2026-07-18 10:00:49.000	105000.1929	105021.1929	3.1431	67.6907
coinbase	ETH-USD	2026-07-18 10:00:49.000	3199.6380	3200.2780	25.4109	54.0464
kraken	ETH-USD	2026-07-18 10:00:49.000	3201.6248	3202.2648	62.3061	71.224
coinbase	SOL-USD	2026-07-18 10:00:49.000	139.8306	139.8586	91.7671	50.1916
kraken	SOL-USD	2026-07-18 10:00:49.000	139.8610	139.8890	60.0981	9.652
coinbase	BTC-USD	2026-07-18 10:00:50.000	104786.9546	104807.9546	26.2639	85.1117
kraken	BTC-USD	2026-07-18 10:00:50.000	104823.8911	104844.8911	53.6276	74.9648
coinbase	ETH-USD	2026-07-18 10:00:50.000	3200.6633	3201.3033	23.7451	49.5878
kraken	ETH-USD	2026-07-18 10:00:50.000	3198.5575	3199.1975	12.7239	35.987
coinbase	SOL-USD	2026-07-18 10:00:50.000	140.2605	140.2885	5.6555	16.2179
kraken	SOL-USD	2026-07-18 10:00:50.000	140.1826	140.2106	85.605	11.8177
coinbase	BTC-USD	2026-07-18 10:00:51.000	105135.2899	105156.2899	86.6101	48.9669
kraken	BTC-USD	2026-07-18 10:00:51.000	104852.7250	104873.7250	50.0606	3.4387
coinbase	ETH-USD	2026-07-18 10:00:51.000	3203.1389	3203.7789	20.1157	33.6676
kraken	ETH-USD	2026-07-18 10:00:51.000	3200.8288	3201.4688	65.7187	24.6756
coinbase	SOL-USD	2026-07-18 10:00:51.000	139.9216	139.9496	59.4204	27.5389
kraken	SOL-USD	2026-07-18 10:00:51.000	140.1870	140.2150	52.6972	65.4004
coinbase	BTC-USD	2026-07-18 10:00:52.000	105138.4479	105159.4479	9.0298	83.1369
kraken	BTC-USD	2026-07-18 10:00:52.000	104890.4720	104911.4720	21.6004	68.6001
coinbase	ETH-USD	2026-07-18 10:00:52.000	3198.7991	3199.4391	75.2983	10.107
kraken	ETH-USD	2026-07-18 10:00:52.000	3201.2976	3201.9376	48.364	74.3542
coinbase	SOL-USD	2026-07-18 10:00:52.000	139.7203	139.7483	8.2305	65.4878
kraken	SOL-USD	2026-07-18 10:00:52.000	140.2627	140.2907	12.176	25.9599
coinbase	BTC-USD	2026-07-18 10:00:53.000	104801.5713	104822.5713	81.6928	11.5391
kraken	BTC-USD	2026-07-18 10:00:53.000	105080.6766	105101.6766	38.3133	53.9285
coinbase	ETH-USD	2026-07-18 10:00:53.000	3198.0658	3198.7058	21.7095	85.1094
kraken	ETH-USD	2026-07-18 10:00:53.000	3194.1708	3194.8108	38.2575	78.6262
coinbase	SOL-USD	2026-07-18 10:00:53.000	139.9881	140.0161	52.3644	12.1672
kraken	SOL-USD	2026-07-18 10:00:53.000	139.8237	139.8517	73.364	31.9638
coinbase	BTC-USD	2026-07-18 10:00:54.000	105089.4009	105110.4009	60.2783	70.0008
kraken	BTC-USD	2026-07-18 10:00:54.000	104905.3218	104926.3218	42.1449	85.2281
coinbase	ETH-USD	2026-07-18 10:00:54.000	3195.7401	3196.3801	8.2957	80.2726
kraken	ETH-USD	2026-07-18 10:00:54.000	3204.3200	3204.9600	18.7481	81.8157
coinbase	SOL-USD	2026-07-18 10:00:54.000	139.8348	139.8628	79.4205	69.2756
kraken	SOL-USD	2026-07-18 10:00:54.000	139.9646	139.9926	39.9103	87.1465
coinbase	BTC-USD	2026-07-18 10:00:55.000	104869.6608	104890.6608	58.9902	19.6056
kraken	BTC-USD	2026-07-18 10:00:55.000	105171.0345	105192.0345	10.981	93.7562
coinbase	ETH-USD	2026-07-18 10:00:55.000	3204.7573	3205.3973	96.8101	72.4094
kraken	ETH-USD	2026-07-18 10:00:55.000	3205.3788	3206.0188	2.4704	36.9085
coinbase	SOL-USD	2026-07-18 10:00:55.000	140.0017	140.0297	57.0685	3.9023
kraken	SOL-USD	2026-07-18 10:00:55.000	140.1930	140.2210	14.6443	14.6194
coinbase	BTC-USD	2026-07-18 10:00:56.000	104811.3099	104832.3099	89.6509	22.3766
kraken	BTC-USD	2026-07-18 10:00:56.000	105040.7335	105061.7335	90.0865	69.5815
coinbase	ETH-USD	2026-07-18 10:00:56.000	3202.0575	3202.6975	81.8158	9.05
kraken	ETH-USD	2026-07-18 10:00:56.000	3201.6618	3202.3018	42.2388	71.9649
coinbase	SOL-USD	2026-07-18 10:00:56.000	140.0707	140.0987	32.085	57.2339
kraken	SOL-USD	2026-07-18 10:00:56.000	140.1344	140.1624	90.6009	88.9874
coinbase	BTC-USD	2026-07-18 10:00:57.000	104859.3660	104880.3660	41.1988	92.6109
kraken	BTC-USD	2026-07-18 10:00:57.000	105030.3503	105051.3503	8.625	24.7183
coinbase	ETH-USD	2026-07-18 10:00:57.000	3197.0257	3197.6657	71.4316	44.1099
kraken	ETH-USD	2026-07-18 10:00:57.000	3198.5262	3199.1662	79.3814	7.1809
coinbase	SOL-USD	2026-07-18 10:00:57.000	139.9253	139.9533	98.3267	80.8585
kraken	SOL-USD	2026-07-18 10:00:57.000	140.1534	140.1814	11.0962	12.1786
coinbase	BTC-USD	2026-07-18 10:00:58.000	104788.0151	104809.0151	5.3721	96.2811
kraken	BTC-USD	2026-07-18 10:00:58.000	105175.7176	105196.7176	95.8098	56.6547
coinbase	ETH-USD	2026-07-18 10:00:58.000	3195.1125	3195.7525	10.3509	84.4296
kraken	ETH-USD	2026-07-18 10:00:58.000	3200.6124	3201.2524	96.8524	21.3064
coinbase	SOL-USD	2026-07-18 10:00:58.000	139.8383	139.8663	78.3464	8.1667
kraken	SOL-USD	2026-07-18 10:00:58.000	140.0748	140.1028	22.5698	65.8211
coinbase	BTC-USD	2026-07-18 10:00:59.000	105111.5564	105132.5564	90.4878	85.8148
kraken	BTC-USD	2026-07-18 10:00:59.000	105005.7801	105026.7801	70.7142	35.5023
coinbase	ETH-USD	2026-07-18 10:00:59.000	3201.8140	3202.4540	61.423	44.0555
kraken	ETH-USD	2026-07-18 10:00:59.000	3198.1319	3198.7719	48.873	93.6946
coinbase	SOL-USD	2026-07-18 10:00:59.000	140.1670	140.1950	1.7154	80.3422
kraken	SOL-USD	2026-07-18 10:00:59.000	139.9313	139.9593	97.8419	13.9014
coinbase	BTC-USD	2026-07-18 10:01:00.000	105136.0798	105157.0798	49.5236	27.4497
kraken	BTC-USD	2026-07-18 10:01:00.000	105167.7930	105188.7930	56.6047	78.7421
coinbase	ETH-USD	2026-07-18 10:01:00.000	3198.6142	3199.2542	33.1279	87.8289
kraken	ETH-USD	2026-07-18 10:01:00.000	3198.5887	3199.2287	18.6045	65.7505
coinbase	SOL-USD	2026-07-18 10:01:00.000	140.1225	140.1505	91.2245	67.854
kraken	SOL-USD	2026-07-18 10:01:00.000	139.8833	139.9113	20.3197	59.1337
coinbase	BTC-USD	2026-07-18 10:01:01.000	105123.8290	105144.8290	11.7859	77.2294
kraken	BTC-USD	2026-07-18 10:01:01.000	105138.4014	105159.4014	56.5867	63.2386
coinbase	ETH-USD	2026-07-18 10:01:01.000	3205.9072	3206.5472	74.4818	30.6638
kraken	ETH-USD	2026-07-18 10:01:01.000	3203.5251	3204.1651	59.177	36.8437
coinbase	SOL-USD	2026-07-18 10:01:01.000	140.2219	140.2499	34.3076	59.5
kraken	SOL-USD	2026-07-18 10:01:01.000	140.2496	140.2776	91.1133	95.3503
coinbase	BTC-USD	2026-07-18 10:01:02.000	104925.9832	104946.9832	25.4839	67.8886
kraken	BTC-USD	2026-07-18 10:01:02.000	104863.4910	104884.4910	88.7827	33.2915
coinbase	ETH-USD	2026-07-18 10:01:02.000	3203.9413	3204.5813	93.5681	94.3705
kraken	ETH-USD	2026-07-18 10:01:02.000	3198.0769	3198.7169	25.8856	63.3124
coinbase	SOL-USD	2026-07-18 10:01:02.000	139.7194	139.7474	99.0651	28.3215
kraken	SOL-USD	2026-07-18 10:01:02.000	139.9523	139.9803	28.3201	92.8845
coinbase	BTC-USD	2026-07-18 10:01:03.000	105133.4570	105154.4570	54.0475	59.8568
kraken	BTC-USD	2026-07-18 10:01:03.000	105175.8024	105196.8024	12.8624	7.48
coinbase	ETH-USD	2026-07-18 10:01:03.000	3196.4102	3197.0502	6.5391	56.6385
kraken	ETH-USD	2026-07-18 10:01:03.000	3197.5862	3198.2262	86.2982	8.5382
coinbase	SOL-USD	2026-07-18 10:01:03.000	139.7847	139.8127	58.0896	18.3256
kraken	SOL-USD	2026-07-18 10:01:03.000	140.1359	140.1639	14.2632	53.2794
coinbase	BTC-USD	2026-07-18 10:01:04.000	105053.8762	105074.8762	28.4912	70.2979
kraken	BTC-USD	2026-07-18 10:01:04.000	105005.4738	105026.4738	1.3339	22.2065
coinbase	ETH-USD	2026-07-18 10:01:04.000	3195.7813	3196.4213	49.8445	26.2848
kraken	ETH-USD	2026-07-18 10:01:04.000	3193.4435	3194.0835	78.9897	27.2514
coinbase	SOL-USD	2026-07-18 10:01:04.000	139.8763	139.9043	98.6022	14.902
kraken	SOL-USD	2026-07-18 10:01:04.000	139.8879	139.9159	56.5311	86.5092
coinbase	BTC-USD	2026-07-18 10:01:05.000	104824.5807	104845.5807	34.4071	61.8099
kraken	BTC-USD	2026-07-18 10:01:05.000	105117.5648	105138.5648	67.0375	30.1202
coinbase	ETH-USD	2026-07-18 10:01:05.000	3193.7895	3194.4295	2.5129	84.431
kraken	ETH-USD	2026-07-18 10:01:05.000	3197.2133	3197.8533	66.5489	43.1906
coinbase	SOL-USD	2026-07-18 10:01:05.000	139.9407	139.9687	65.1973	61.4861
kraken	SOL-USD	2026-07-18 10:01:05.000	140.0017	140.0297	12.2224	83.1226
coinbase	BTC-USD	2026-07-18 10:01:06.000	104968.3961	104989.3961	30.836	48.1224
kraken	BTC-USD	2026-07-18 10:01:06.000	105151.8499	105172.8499	69.6935	85.4322
coinbase	ETH-USD	2026-07-18 10:01:06.000	3204.7691	3205.4091	99.5582	11.3917
kraken	ETH-USD	2026-07-18 10:01:06.000	3198.9810	3199.6210	17.482	60.7032
coinbase	SOL-USD	2026-07-18 10:01:06.000	140.0242	140.0522	19.9492	16.9856
kraken	SOL-USD	2026-07-18 10:01:06.000	140.2258	140.2538	10.2051	88.9993
coinbase	BTC-USD	2026-07-18 10:01:07.000	104933.4513	104954.4513	79.3632	79.6554
kraken	BTC-USD	2026-07-18 10:01:07.000	104986.0081	105007.0081	50.7034	5.0992
coinbase	ETH-USD	2026-07-18 10:01:07.000	3196.8301	3197.4701	43.5725	55.9439
kraken	ETH-USD	2026-07-18 10:01:07.000	3200.7934	3201.4334	28.9234	43.1666
coinbase	SOL-USD	2026-07-18 10:01:07.000	139.8143	139.8423	69.7188	24.792
kraken	SOL-USD	2026-07-18 10:01:07.000	140.0680	140.0960	97.641	23.2575
coinbase	BTC-USD	2026-07-18 10:01:08.000	104789.3223	104810.3223	42.1499	9.3215
kraken	BTC-USD	2026-07-18 10:01:08.000	105002.4854	105023.4854	95.1315	27.0869
coinbase	ETH-USD	2026-07-18 10:01:08.000	3194.5311	3195.1711	38.7671	71.3775
kraken	ETH-USD	2026-07-18 10:01:08.000	3204.5415	3205.1815	45.2582	2.4297
coinbase	SOL-USD	2026-07-18 10:01:08.000	140.1492	140.1772	17.1392	50.2135
kraken	SOL-USD	2026-07-18 10:01:08.000	139.8248	139.8528	35.8604	78.0546
coinbase	BTC-USD	2026-07-18 10:01:09.000	104841.7284	104862.7284	50.2263	49.8945
kraken	BTC-USD	2026-07-18 10:01:09.000	104856.9461	104877.9461	33.3402	68.9618
coinbase	ETH-USD	2026-07-18 10:01:09.000	3195.2692	3195.9092	82.0468	8.5489
kraken	ETH-USD	2026-07-18 10:01:09.000	3198.8844	3199.5244	53.9328	43.0121
coinbase	SOL-USD	2026-07-18 10:01:09.000	140.1235	140.1515	45.2983	54.2936
kraken	SOL-USD	2026-07-18 10:01:09.000	140.0887	140.1167	11.4909	28.458
coinbase	BTC-USD	2026-07-18 10:01:10.000	105022.4823	105043.4823	92.8955	50.3719
kraken	BTC-USD	2026-07-18 10:01:10.000	104858.9850	104879.9850	19.3006	4.0915
coinbase	ETH-USD	2026-07-18 10:01:10.000	3194.8631	3195.5031	59.6839	12.2529
kraken	ETH-USD	2026-07-18 10:01:10.000	3195.3018	3195.9418	33.783	30.7337
coinbase	SOL-USD	2026-07-18 10:01:10.000	140.2057	140.2337	12.163	54.8988
kraken	SOL-USD	2026-07-18 10:01:10.000	139.8983	139.9263	62.9767	88.4909
coinbase	BTC-USD	2026-07-18 10:01:11.000	104840.5418	104861.5418	34.4839	77.4451
kraken	BTC-USD	2026-07-18 10:01:11.000	104884.3738	104905.3738	29.3137	1.5089
coinbase	ETH-USD	2026-07-18 10:01:11.000	3196.5107	3197.1507	78.3424	62.6022
kraken	ETH-USD	2026-07-18 10:01:11.000	3201.4694	3202.1094	21.4967	70.8415
coinbase	SOL-USD	2026-07-18 10:01:11.000	140.2416	140.2696	3.42	45.7047
kraken	SOL-USD	2026-07-18 10:01:11.000	139.9334	139.9614	51.3395	79.0805
coinbase	BTC-USD	2026-07-18 10:01:12.000	105084.9373	105105.9373	97.3826	67.3758
kraken	BTC-USD	2026-07-18 10:01:12.000	105064.6706	105085.6706	48.8455	27.8329
coinbase	ETH-USD	2026-07-18 10:01:12.000	3198.7659	3199.4059	20.3982	72.1582
kraken	ETH-USD	2026-07-18 10:01:12.000	3194.2967	3194.9367	35.6454	9.3581
coinbase	SOL-USD	2026-07-18 10:01:12.000	140.0951	140.1231	86.4138	42.2351
kraken	SOL-USD	2026-07-18 10:01:12.000	139.8983	139.9263	80.4439	49.8195
coinbase	BTC-USD	2026-07-18 10:01:13.000	104911.9551	104932.9551	14.2044	30.124
kraken	BTC-USD	2026-07-18 10:01:13.000	105083.5064	105104.5064	1.9385	13.85
coinbase	ETH-USD	2026-07-18 10:01:13.000	3204.1801	3204.8201	55.5828	33.0675
kraken	ETH-USD	2026-07-18 10:01:13.000	3200.9945	3201.6345	41.0191	23.6372
coinbase	SOL-USD	2026-07-18 10:01:13.000	139.8919	139.9199	80.6013	85.8142
kraken	SOL-USD	2026-07-18 10:01:13.000	139.8053	139.8333	86.9502	27.7867
coinbase	BTC-USD	2026-07-18 10:01:14.000	105097.1705	105118.1705	23.1142	78.3583
kraken	BTC-USD	2026-07-18 10:01:14.000	105108.6456	105129.6456	78.0833	66.4518
coinbase	ETH-USD	2026-07-18 10:01:14.000	3198.4656	3199.1056	67.3014	13.1744
kraken	ETH-USD	2026-07-18 10:01:14.000	3203.9626	3204.6026	44.6251	66.9424
coinbase	SOL-USD	2026-07-18 10:01:14.000	139.7555	139.7835	1.7931	31.5795
kraken	SOL-USD	2026-07-18 10:01:14.000	139.8348	139.8628	84.3365	69.0289
coinbase	BTC-USD	2026-07-18 10:01:15.000	105065.9370	105086.9370	82.9672	14.0747
kraken	BTC-USD	2026-07-18 10:01:15.000	105154.3596	105175.3596	17.9953	42.9991
coinbase	ETH-USD	2026-07-18 10:01:15.000	3206.0577	3206.6977	62.6698	53.4157
kraken	ETH-USD	2026-07-18 10:01:15.000	3193.7951	3194.4351	18.6873	89.6472
coinbase	SOL-USD	2026-07-18 10:01:15.000	140.0445	140.0725	14.183	28.636
kraken	SOL-USD	2026-07-18 10:01:15.000	140.1366	140.1646	97.1512	20.6446
coinbase	BTC-USD	2026-07-18 10:01:16.000	104814.5511	104835.5511	30.7416	54.2412
kraken	BTC-USD	2026-07-18 10:01:16.000	105060.2369	105081.2369	67.108	70.3821
coinbase	ETH-USD	2026-07-18 10:01:16.000	3200.0422	3200.6822	91.8884	32.9731
kraken	ETH-USD	2026-07-18 10:01:16.000	3201.0927	3201.7327	8.1062	48.9455
coinbase	SOL-USD	2026-07-18 10:01:16.000	140.0160	140.0440	93.3793	71.5934
kraken	SOL-USD	2026-07-18 10:01:16.000	140.0579	140.0859	44.3655	58.1534
coinbase	BTC-USD	2026-07-18 10:01:17.000	104879.3410	104900.3410	78.159	80.9289
kraken	BTC-USD	2026-07-18 10:01:17.000	105008.0926	105029.0926	55.2519	59.8012
coinbase	ETH-USD	2026-07-18 10:01:17.000	3203.9183	3204.5583	6.5693	60.7516
kraken	ETH-USD	2026-07-18 10:01:17.000	3198.5185	3199.1585	90.5698	21.468
coinbase	SOL-USD	2026-07-18 10:01:17.000	139.8866	139.9146	44.2709	59.4218
kraken	SOL-USD	2026-07-18 10:01:17.000	140.2597	140.2877	49.9476	82.5386
coinbase	BTC-USD	2026-07-18 10:01:18.000	105019.4809	105040.4809	28.4776	62.2595
kraken	BTC-USD	2026-07-18 10:01:18.000	104833.6403	104854.6403	29.1646	69.5387
coinbase	ETH-USD	2026-07-18 10:01:18.000	3193.6726	3194.3126	74.1675	99.9202
kraken	ETH-USD	2026-07-18 10:01:18.000	3200.3100	3200.9500	69.9047	38.0932
coinbase	SOL-USD	2026-07-18 10:01:18.000	139.7376	139.7656	15.1948	93.4214
kraken	SOL-USD	2026-07-18 10:01:18.000	139.9615	139.9895	11.0078	80.0457
coinbase	BTC-USD	2026-07-18 10:01:19.000	104804.7246	104825.7246	23.7002	38.6761
kraken	BTC-USD	2026-07-18 10:01:19.000	105164.5938	105185.5938	18.0934	76.7309
coinbase	ETH-USD	2026-07-18 10:01:19.000	3199.8023	3200.4423	37.1715	94.135
kraken	ETH-USD	2026-07-18 10:01:19.000	3193.6406	3194.2806	8.2829	66.4398
coinbase	SOL-USD	2026-07-18 10:01:19.000	139.9800	140.0080	74.2397	10.8586
kraken	SOL-USD	2026-07-18 10:01:19.000	140.0104	140.0384	10.7249	48.5835
coinbase	BTC-USD	2026-07-18 10:01:20.000	104931.9510	104952.9510	65.5151	16.8963
kraken	BTC-USD	2026-07-18 10:01:20.000	105000.3655	105021.3655	91.4451	21.483
coinbase	ETH-USD	2026-07-18 10:01:20.000	3199.6695	3200.3095	43.273	89.9389
kraken	ETH-USD	2026-07-18 10:01:20.000	3194.0680	3194.7080	47.1924	99.5309
coinbase	SOL-USD	2026-07-18 10:01:20.000	140.2585	140.2865	49.0534	8.1045
kraken	SOL-USD	2026-07-18 10:01:20.000	139.9219	139.9499	90.566	11.7258
coinbase	BTC-USD	2026-07-18 10:01:21.000	105145.5139	105166.5139	76.5591	30.6668
kraken	BTC-USD	2026-07-18 10:01:21.000	104906.4852	104927.4852	13.0211	72.3645
coinbase	ETH-USD	2026-07-18 10:01:21.000	3198.7125	3199.3525	74.8223	38.5975
kraken	ETH-USD	2026-07-18 10:01:21.000	3195.0781	3195.7181	98.8891	8.4068
coinbase	SOL-USD	2026-07-18 10:01:21.000	139.7166	139.7446	69.1559	23.4839
kraken	SOL-USD	2026-07-18 10:01:21.000	139.7536	139.7816	15.3837	67.1356
coinbase	BTC-USD	2026-07-18 10:01:22.000	104991.2815	105012.2815	6.3119	28.9287
kraken	BTC-USD	2026-07-18 10:01:22.000	105101.7064	105122.7064	8.2758	60.0531
coinbase	ETH-USD	2026-07-18 10:01:22.000	3204.4111	3205.0511	7.6979	53.1314
kraken	ETH-USD	2026-07-18 10:01:22.000	3200.2858	3200.9258	81.5295	61.7738
coinbase	SOL-USD	2026-07-18 10:01:22.000	140.1480	140.1760	12.3695	7.3556
kraken	SOL-USD	2026-07-18 10:01:22.000	139.9381	139.9661	61.3852	74.0595
coinbase	BTC-USD	2026-07-18 10:01:23.000	105099.0279	105120.0279	4.8345	40.9684
kraken	BTC-USD	2026-07-18 10:01:23.000	105026.0135	105047.0135	39.6316	1.3985
coinbase	ETH-USD	2026-07-18 10:01:23.000	3200.1457	3200.7857	37.9349	71.4588
kraken	ETH-USD	2026-07-18 10:01:23.000	3205.4220	3206.0620	87.1747	1.3568
coinbase	SOL-USD	2026-07-18 10:01:23.000	139.8644	139.8924	18.4976	30.5537
kraken	SOL-USD	2026-07-18 10:01:23.000	140.2376	140.2656	56.346	10.4561
coinbase	BTC-USD	2026-07-18 10:01:24.000	105067.7832	105088.7832	19.8366	96.206
kraken	BTC-USD	2026-07-18 10:01:24.000	104967.4044	104988.4044	42.1674	12.5864
coinbase	ETH-USD	2026-07-18 10:01:24.000	3193.3775	3194.0175	13.9099	10.6457
kraken	ETH-USD	2026-07-18 10:01:24.000	3203.3662	3204.0062	39.4099	82.8735
coinbase	SOL-USD	2026-07-18 10:01:24.000	140.0776	140.1056	44.5418	92.1648
kraken	SOL-USD	2026-07-18 10:01:24.000	140.1555	140.1835	20.4664	7.5302
coinbase	BTC-USD	2026-07-18 10:01:25.000	104835.8188	104856.8188	76.7112	78.3021
kraken	BTC-USD	2026-07-18 10:01:25.000	104957.8652	104978.8652	86.373	53.1641
coinbase	ETH-USD	2026-07-18 10:01:25.000	3203.9951	3204.6351	55.4081	87.6913
kraken	ETH-USD	2026-07-18 10:01:25.000	3205.1249	3205.7649	40.2604	26.1782
coinbase	SOL-USD	2026-07-18 10:01:25.000	139.8944	139.9224	66.8834	72.579
kraken	SOL-USD	2026-07-18 10:01:25.000	139.7486	139.7766	59.5808	10.5844
coinbase	BTC-USD	2026-07-18 10:01:26.000	105146.3071	105167.3071	7.6907	34.257
kraken	BTC-USD	2026-07-18 10:01:26.000	104808.4401	104829.4401	41.9222	28.4208
coinbase	ETH-USD	2026-07-18 10:01:26.000	3198.3876	3199.0276	31.5425	51.6903
kraken	ETH-USD	2026-07-18 10:01:26.000	3200.7707	3201.4107	6.6726	31.3049
coinbase	SOL-USD	2026-07-18 10:01:26.000	139.7906	139.8186	19.9969	44.0048
kraken	SOL-USD	2026-07-18 10:01:26.000	140.0800	140.1080	90.8196	69.3059
coinbase	BTC-USD	2026-07-18 10:01:27.000	104901.1078	104922.1078	84.4994	92.9908
kraken	BTC-USD	2026-07-18 10:01:27.000	105166.3503	105187.3503	64.2465	58.0983
coinbase	ETH-USD	2026-07-18 10:01:27.000	3202.8528	3203.4928	69.7801	28.2815
kraken	ETH-USD	2026-07-18 10:01:27.000	3197.4050	3198.0450	17.4048	43.3435
coinbase	SOL-USD	2026-07-18 10:01:27.000	140.2264	140.2544	2.0379	15.6037
kraken	SOL-USD	2026-07-18 10:01:27.000	140.0805	140.1085	71.7833	35.9114
coinbase	BTC-USD	2026-07-18 10:01:28.000	104958.9647	104979.9647	36.9527	7.2299
kraken	BTC-USD	2026-07-18 10:01:28.000	105019.1978	105040.1978	35.6712	99.3704
coinbase	ETH-USD	2026-07-18 10:01:28.000	3197.6584	3198.2984	46.6271	98.5425
kraken	ETH-USD	2026-07-18 10:01:28.000	3202.7546	3203.3946	70.5712	74.8472
coinbase	SOL-USD	2026-07-18 10:01:28.000	140.0545	140.0825	83.9579	14.1056
kraken	SOL-USD	2026-07-18 10:01:28.000	140.1156	140.1436	38.476	56.2429
coinbase	BTC-USD	2026-07-18 10:01:29.000	105140.2479	105161.2479	74.9846	65.6255
kraken	BTC-USD	2026-07-18 10:01:29.000	105182.0343	105203.0343	42.8539	3.4042
coinbase	ETH-USD	2026-07-18 10:01:29.000	3205.5845	3206.2245	41.4315	61.0581
kraken	ETH-USD	2026-07-18 10:01:29.000	3203.9283	3204.5683	78.6276	22.1174
coinbase	SOL-USD	2026-07-18 10:01:29.000	139.8160	139.8440	73.4405	41.9021
kraken	SOL-USD	2026-07-18 10:01:29.000	140.0575	140.0855	73.6315	67.9742
coinbase	BTC-USD	2026-07-18 10:01:30.000	105088.3030	105109.3030	33.7311	63.3249
kraken	BTC-USD	2026-07-18 10:01:30.000	105180.7943	105201.7943	1.1945	98.0621
coinbase	ETH-USD	2026-07-18 10:01:30.000	3198.0392	3198.6792	28.5355	68.8507
kraken	ETH-USD	2026-07-18 10:01:30.000	3196.2503	3196.8903	22.8273	70.5634
coinbase	SOL-USD	2026-07-18 10:01:30.000	140.0351	140.0631	65.4535	88.6705
kraken	SOL-USD	2026-07-18 10:01:30.000	139.7154	139.7434	40.2181	29.9883
coinbase	BTC-USD	2026-07-18 10:01:31.000	105131.6668	105152.6668	41.1583	36.7465
kraken	BTC-USD	2026-07-18 10:01:31.000	105032.5976	105053.5976	58.7235	13.253
coinbase	ETH-USD	2026-07-18 10:01:31.000	3203.3560	3203.9960	93.5601	76.2847
kraken	ETH-USD	2026-07-18 10:01:31.000	3197.5383	3198.1783	34.1143	10.3205
coinbase	SOL-USD	2026-07-18 10:01:31.000	139.8058	139.8338	87.5866	19.8229
kraken	SOL-USD	2026-07-18 10:01:31.000	139.9569	139.9849	17.2788	67.8228
coinbase	BTC-USD	2026-07-18 10:01:32.000	104857.3964	104878.3964	79.9294	6.447
kraken	BTC-USD	2026-07-18 10:01:32.000	104907.6804	104928.6804	16.9998	54.1755
coinbase	ETH-USD	2026-07-18 10:01:32.000	3197.4619	3198.1019	61.9552	57.6369
kraken	ETH-USD	2026-07-18 10:01:32.000	3197.4546	3198.0946	4.8774	32.9845
coinbase	SOL-USD	2026-07-18 10:01:32.000	139.7701	139.7981	98.7533	48.55
kraken	SOL-USD	2026-07-18 10:01:32.000	140.1701	140.1981	85.0713	58.1607
coinbase	BTC-USD	2026-07-18 10:01:33.000	104895.5489	104916.5489	57.8297	81.1996
kraken	BTC-USD	2026-07-18 10:01:33.000	104881.1459	104902.1459	27.8313	66.8965
coinbase	ETH-USD	2026-07-18 10:01:33.000	3202.6624	3203.3024	1.1263	63.3078
kraken	ETH-USD	2026-07-18 10:01:33.000	3199.6150	3200.2550	66.5544	76.5646
coinbase	SOL-USD	2026-07-18 10:01:33.000	139.7215	139.7495	1.3875	18.4195
kraken	SOL-USD	2026-07-18 10:01:33.000	139.9084	139.9364	49.9903	55.8965
coinbase	BTC-USD	2026-07-18 10:01:34.000	105104.5049	105125.5049	40.9879	93.3267
kraken	BTC-USD	2026-07-18 10:01:34.000	105107.9502	105128.9502	96.2543	83.4534
coinbase	ETH-USD	2026-07-18 10:01:34.000	3202.7130	3203.3530	46.7738	99.4041
kraken	ETH-USD	2026-07-18 10:01:34.000	3198.0035	3198.6435	17.1452	88.086
coinbase	SOL-USD	2026-07-18 10:01:34.000	139.9647	139.9927	86.5002	47.2118
kraken	SOL-USD	2026-07-18 10:01:34.000	140.1757	140.2037	8.7445	6.0884
coinbase	BTC-USD	2026-07-18 10:01:35.000	104973.8260	104994.8260	82.3874	83.4444
kraken	BTC-USD	2026-07-18 10:01:35.000	104826.8247	104847.8247	16.1517	66.7145
coinbase	ETH-USD	2026-07-18 10:01:35.000	3195.2849	3195.9249	57.2136	13.3611
kraken	ETH-USD	2026-07-18 10:01:35.000	3198.8111	3199.4511	34.929	37.782
coinbase	SOL-USD	2026-07-18 10:01:35.000	139.9844	140.0124	93.8974	6.9364
kraken	SOL-USD	2026-07-18 10:01:35.000	139.7759	139.8039	97.2065	46.3387
coinbase	BTC-USD	2026-07-18 10:01:36.000	104986.9780	105007.9780	54.5133	60.0377
kraken	BTC-USD	2026-07-18 10:01:36.000	104786.3402	104807.3402	92.7407	69.991
coinbase	ETH-USD	2026-07-18 10:01:36.000	3202.5725	3203.2125	93.2403	11.8453
kraken	ETH-USD	2026-07-18 10:01:36.000	3199.7644	3200.4044	23.7792	25.546
coinbase	SOL-USD	2026-07-18 10:01:36.000	139.7200	139.7480	66.8258	77.1676
kraken	SOL-USD	2026-07-18 10:01:36.000	140.2141	140.2421	77.2074	61.6788
coinbase	BTC-USD	2026-07-18 10:01:37.000	105175.4337	105196.4337	37.1211	32.2384
kraken	BTC-USD	2026-07-18 10:01:37.000	104913.1272	104934.1272	59.214	5.9231
coinbase	ETH-USD	2026-07-18 10:01:37.000	3199.9932	3200.6332	49.5128	58.3688
kraken	ETH-USD	2026-07-18 10:01:37.000	3205.2181	3205.8581	68.8324	33.4613
coinbase	SOL-USD	2026-07-18 10:01:37.000	139.9736	140.0016	51.2472	92.6159
kraken	SOL-USD	2026-07-18 10:01:37.000	140.0652	140.0932	35.3989	88.8665
coinbase	BTC-USD	2026-07-18 10:01:38.000	104798.0730	104819.0730	17.9604	28.5899
kraken	BTC-USD	2026-07-18 10:01:38.000	105181.1269	105202.1269	87.7664	25.2213
coinbase	ETH-USD	2026-07-18 10:01:38.000	3200.7569	3201.3969	29.4771	93.6322
kraken	ETH-USD	2026-07-18 10:01:38.000	3201.2588	3201.8988	73.1418	93.192
coinbase	SOL-USD	2026-07-18 10:01:38.000	140.1574	140.1854	92.9313	15.9921
kraken	SOL-USD	2026-07-18 10:01:38.000	139.8513	139.8793	87.2436	84.792
coinbase	BTC-USD	2026-07-18 10:01:39.000	105101.9893	105122.9893	72.2269	85.607
kraken	BTC-USD	2026-07-18 10:01:39.000	104979.0462	105000.0462	10.9351	72.9921
coinbase	ETH-USD	2026-07-18 10:01:39.000	3196.4407	3197.0807	61.2991	56.423
kraken	ETH-USD	2026-07-18 10:01:39.000	3198.2605	3198.9005	65.8944	39.1563
coinbase	SOL-USD	2026-07-18 10:01:39.000	139.7598	139.7878	86.1868	84.8398
kraken	SOL-USD	2026-07-18 10:01:39.000	139.8645	139.8925	56.4399	14.3173
coinbase	BTC-USD	2026-07-18 10:01:40.000	105089.4673	105110.4673	46.0756	38.9283
kraken	BTC-USD	2026-07-18 10:01:40.000	105170.7110	105191.7110	82.9266	84.4497
coinbase	ETH-USD	2026-07-18 10:01:40.000	3203.6004	3204.2404	72.9623	90.422
kraken	ETH-USD	2026-07-18 10:01:40.000	3197.3679	3198.0079	92.0361	42.1255
coinbase	SOL-USD	2026-07-18 10:01:40.000	140.1277	140.1557	35.397	47.6445
kraken	SOL-USD	2026-07-18 10:01:40.000	139.8453	139.8733	12.5998	32.7256
coinbase	BTC-USD	2026-07-18 10:01:41.000	104802.0234	104823.0234	31.9496	33.3717
kraken	BTC-USD	2026-07-18 10:01:41.000	104812.0092	104833.0092	57.9099	84.2859
coinbase	ETH-USD	2026-07-18 10:01:41.000	3201.0944	3201.7344	11.3472	25.6972
kraken	ETH-USD	2026-07-18 10:01:41.000	3197.0732	3197.7132	31.9035	73.1463
coinbase	SOL-USD	2026-07-18 10:01:41.000	139.9409	139.9689	7.3095	69.8488
kraken	SOL-USD	2026-07-18 10:01:41.000	139.8328	139.8608	99.1448	3.3036
coinbase	BTC-USD	2026-07-18 10:01:42.000	105123.8353	105144.8353	51.545	27.3387
kraken	BTC-USD	2026-07-18 10:01:42.000	104843.9517	104864.9517	21.1585	29.3317
coinbase	ETH-USD	2026-07-18 10:01:42.000	3194.0969	3194.7369	86.7485	22.9715
kraken	ETH-USD	2026-07-18 10:01:42.000	3194.1353	3194.7753	49.6773	13.8775
coinbase	SOL-USD	2026-07-18 10:01:42.000	139.9043	139.9323	87.6161	86.8038
kraken	SOL-USD	2026-07-18 10:01:42.000	140.2383	140.2663	65.2028	87.7658
coinbase	BTC-USD	2026-07-18 10:01:43.000	104974.6045	104995.6045	62.0643	61.2293
kraken	BTC-USD	2026-07-18 10:01:43.000	105183.4900	105204.4900	91.9684	98.7924
coinbase	ETH-USD	2026-07-18 10:01:43.000	3205.2125	3205.8525	22.524	96.0552
kraken	ETH-USD	2026-07-18 10:01:43.000	3194.2255	3194.8655	28.4685	79.4258
coinbase	SOL-USD	2026-07-18 10:01:43.000	140.2648	140.2928	12.4945	30.8231
kraken	SOL-USD	2026-07-18 10:01:43.000	139.9678	139.9958	39.0992	20.2542
coinbase	BTC-USD	2026-07-18 10:01:44.000	104884.4409	104905.4409	81.2717	6.2885
kraken	BTC-USD	2026-07-18 10:01:44.000	105122.2609	105143.2609	34.2533	68.4624
coinbase	ETH-USD	2026-07-18 10:01:44.000	3203.9554	3204.5954	62.4842	24.9373
kraken	ETH-USD	2026-07-18 10:01:44.000	3202.1954	3202.8354	66.0343	91.9152
coinbase	SOL-USD	2026-07-18 10:01:44.000	139.8704	139.8984	4.535	18.2043
kraken	SOL-USD	2026-07-18 10:01:44.000	140.2477	140.2757	63.9184	42.3089
coinbase	BTC-USD	2026-07-18 10:01:45.000	105068.1941	105089.1941	33.9554	12.6422
kraken	BTC-USD	2026-07-18 10:01:45.000	105029.7610	105050.7610	91.3656	8.5059
coinbase	ETH-USD	2026-07-18 10:01:45.000	3198.1172	3198.7572	47.6404	60.9192
kraken	ETH-USD	2026-07-18 10:01:45.000	3205.4125	3206.0525	84.4673	96.8724
coinbase	SOL-USD	2026-07-18 10:01:45.000	139.9710	139.9990	41.6063	75.9517
kraken	SOL-USD	2026-07-18 10:01:45.000	139.8282	139.8562	42.0037	17.8923
coinbase	BTC-USD	2026-07-18 10:01:46.000	104821.2245	104842.2245	78.8432	2.7249
kraken	BTC-USD	2026-07-18 10:01:46.000	105074.6933	105095.6933	81.8709	93.8076
coinbase	ETH-USD	2026-07-18 10:01:46.000	3203.9435	3204.5835	81.0925	95.3167
kraken	ETH-USD	2026-07-18 10:01:46.000	3198.2285	3198.8685	24.1859	12.148
coinbase	SOL-USD	2026-07-18 10:01:46.000	139.7902	139.8182	17.2121	37.9917
kraken	SOL-USD	2026-07-18 10:01:46.000	140.0247	140.0527	11.3608	76.3135
coinbase	BTC-USD	2026-07-18 10:01:47.000	105119.6683	105140.6683	3.609	41.4052
kraken	BTC-USD	2026-07-18 10:01:47.000	104892.1532	104913.1532	95.6315	77.4264
coinbase	ETH-USD	2026-07-18 10:01:47.000	3199.8259	3200.4659	54.93	9.786
kraken	ETH-USD	2026-07-18 10:01:47.000	3197.8028	3198.4428	79.494	7.6205
coinbase	SOL-USD	2026-07-18 10:01:47.000	139.9003	139.9283	80.4377	50.6831
kraken	SOL-USD	2026-07-18 10:01:47.000	140.0868	140.1148	41.175	9.9563
coinbase	BTC-USD	2026-07-18 10:01:48.000	105054.3043	105075.3043	51.628	62.1416
kraken	BTC-USD	2026-07-18 10:01:48.000	104794.8386	104815.8386	3.7455	92.8507
coinbase	ETH-USD	2026-07-18 10:01:48.000	3204.6461	3205.2861	51.5642	41.7069
kraken	ETH-USD	2026-07-18 10:01:48.000	3194.5317	3195.1717	83.5591	78.6719
coinbase	SOL-USD	2026-07-18 10:01:48.000	140.0740	140.1020	80.428	49.9646
kraken	SOL-USD	2026-07-18 10:01:48.000	140.1734	140.2014	18.2606	7.8056
coinbase	BTC-USD	2026-07-18 10:01:49.000	105009.5351	105030.5351	56.2749	58.3175
kraken	BTC-USD	2026-07-18 10:01:49.000	104876.2272	104897.2272	39.9948	12.9783
coinbase	ETH-USD	2026-07-18 10:01:49.000	3203.6810	3204.3210	84.8938	65.2003
kraken	ETH-USD	2026-07-18 10:01:49.000	3205.6503	3206.2903	63.2211	93.6178
coinbase	SOL-USD	2026-07-18 10:01:49.000	140.1578	140.1858	89.5863	37.7632
kraken	SOL-USD	2026-07-18 10:01:49.000	139.7585	139.7865	15.3984	64.3979
coinbase	BTC-USD	2026-07-18 10:01:50.000	105111.2315	105132.2315	44.7283	79.4223
kraken	BTC-USD	2026-07-18 10:01:50.000	105064.9230	105085.9230	21.2744	19.715
coinbase	ETH-USD	2026-07-18 10:01:50.000	3195.8584	3196.4984	27.4869	25.9704
kraken	ETH-USD	2026-07-18 10:01:50.000	3200.2498	3200.8898	24.5365	57.7592
coinbase	SOL-USD	2026-07-18 10:01:50.000	140.0540	140.0820	79.9521	66.5586
kraken	SOL-USD	2026-07-18 10:01:50.000	140.1335	140.1615	49.1743	3.774
coinbase	BTC-USD	2026-07-18 10:01:51.000	104918.6427	104939.6427	63.0666	48.5926
kraken	BTC-USD	2026-07-18 10:01:51.000	105165.4824	105186.4824	19.1258	4.1243
coinbase	ETH-USD	2026-07-18 10:01:51.000	3198.9210	3199.5610	22.9598	84.6386
kraken	ETH-USD	2026-07-18 10:01:51.000	3200.1980	3200.8380	71.8429	64.9555
coinbase	SOL-USD	2026-07-18 10:01:51.000	139.8367	139.8647	41.1636	84.6336
kraken	SOL-USD	2026-07-18 10:01:51.000	139.8415	139.8695	93.1857	80.7062
coinbase	BTC-USD	2026-07-18 10:01:52.000	104993.7421	105014.7421	54.5862	51.6121
kraken	BTC-USD	2026-07-18 10:01:52.000	105079.8498	105100.8498	64.4057	81.7478
coinbase	ETH-USD	2026-07-18 10:01:52.000	3200.0060	3200.6460	89.5485	9.1727
kraken	ETH-USD	2026-07-18 10:01:52.000	3203.3890	3204.0290	88.1651	79.1272
coinbase	SOL-USD	2026-07-18 10:01:52.000	139.7724	139.8004	52.0316	13.6046
kraken	SOL-USD	2026-07-18 10:01:52.000	140.0787	140.1067	58.9839	70.6862
coinbase	BTC-USD	2026-07-18 10:01:53.000	105056.8219	105077.8219	54.782	74.6577
kraken	BTC-USD	2026-07-18 10:01:53.000	105179.4241	105200.4241	33.7949	28.8091
coinbase	ETH-USD	2026-07-18 10:01:53.000	3204.9809	3205.6209	59.1995	7.6605
kraken	ETH-USD	2026-07-18 10:01:53.000	3197.2810	3197.9210	38.5629	47.0773
coinbase	SOL-USD	2026-07-18 10:01:53.000	140.0492	140.0772	29.5474	11.0882
kraken	SOL-USD	2026-07-18 10:01:53.000	139.9707	139.9987	94.4392	22.1233
coinbase	BTC-USD	2026-07-18 10:01:54.000	105094.6584	105115.6584	10.6691	51.7205
kraken	BTC-USD	2026-07-18 10:01:54.000	104996.2325	105017.2325	19.8044	57.6323
coinbase	ETH-USD	2026-07-18 10:01:54.000	3204.7503	3205.3903	84.5044	91.8066
kraken	ETH-USD	2026-07-18 10:01:54.000	3196.6924	3197.3324	74.664	77.3969
coinbase	SOL-USD	2026-07-18 10:01:54.000	139.7504	139.7784	90.2898	73.0196
kraken	SOL-USD	2026-07-18 10:01:54.000	140.1227	140.1507	19.8749	13.6674
coinbase	BTC-USD	2026-07-18 10:01:55.000	105052.2356	105073.2356	96.9216	49.151
kraken	BTC-USD	2026-07-18 10:01:55.000	105175.6476	105196.6476	36.4887	46.0214
coinbase	ETH-USD	2026-07-18 10:01:55.000	3196.5159	3197.1559	75.3885	99.1705
kraken	ETH-USD	2026-07-18 10:01:55.000	3197.4773	3198.1173	88.7189	25.1612
coinbase	SOL-USD	2026-07-18 10:01:55.000	139.7157	139.7437	14.1602	8.0865
kraken	SOL-USD	2026-07-18 10:01:55.000	139.9449	139.9729	73.4564	8.9329
coinbase	BTC-USD	2026-07-18 10:01:56.000	105021.2306	105042.2306	26.7096	35.2921
kraken	BTC-USD	2026-07-18 10:01:56.000	105117.1521	105138.1521	87.5927	67.7354
coinbase	ETH-USD	2026-07-18 10:01:56.000	3202.8119	3203.4519	94.7684	57.1894
kraken	ETH-USD	2026-07-18 10:01:56.000	3204.0667	3204.7067	15.8228	86.9934
coinbase	SOL-USD	2026-07-18 10:01:56.000	139.7310	139.7590	3.1261	23.4718
kraken	SOL-USD	2026-07-18 10:01:56.000	140.1515	140.1795	71.2102	88.1721
coinbase	BTC-USD	2026-07-18 10:01:57.000	104923.3544	104944.3544	89.2044	81.6383
kraken	BTC-USD	2026-07-18 10:01:57.000	104962.0242	104983.0242	85.8643	33.328
coinbase	ETH-USD	2026-07-18 10:01:57.000	3200.8791	3201.5191	23.7672	28.7978
kraken	ETH-USD	2026-07-18 10:01:57.000	3202.9472	3203.5872	89.0265	1.3547
coinbase	SOL-USD	2026-07-18 10:01:57.000	140.1631	140.1911	84.1742	97.2946
kraken	SOL-USD	2026-07-18 10:01:57.000	140.0833	140.1113	14.6074	95.3361
coinbase	BTC-USD	2026-07-18 10:01:58.000	105151.6067	105172.6067	74.7323	51.3579
kraken	BTC-USD	2026-07-18 10:01:58.000	105063.7719	105084.7719	57.9025	51.0101
coinbase	ETH-USD	2026-07-18 10:01:58.000	3194.3945	3195.0345	39.1644	39.8635
kraken	ETH-USD	2026-07-18 10:01:58.000	3199.1409	3199.7809	82.7708	30.6305
coinbase	SOL-USD	2026-07-18 10:01:58.000	139.7666	139.7946	21.1725	56.1628
kraken	SOL-USD	2026-07-18 10:01:58.000	139.9314	139.9594	97.0279	13.6723
coinbase	BTC-USD	2026-07-18 10:01:59.000	104996.2583	105017.2583	80.7472	29.3804
kraken	BTC-USD	2026-07-18 10:01:59.000	105154.5849	105175.5849	82.797	42.5618
coinbase	ETH-USD	2026-07-18 10:01:59.000	3203.0187	3203.6587	43.3829	78.5351
kraken	ETH-USD	2026-07-18 10:01:59.000	3197.6059	3198.2459	56.9329	41.4297
coinbase	SOL-USD	2026-07-18 10:01:59.000	139.8668	139.8948	45.9801	42.1453
kraken	SOL-USD	2026-07-18 10:01:59.000	140.1079	140.1359	24.2347	94.6054
